Date,home_team,away_team,home_goals,away_goals,match_result,ht_home_goals,ht_away_goals,ht_result,home_shots,away_shots,home_shots_target,away_shots_target,home_red_cards,away_red_cards,B365H,B365D,B365A,home_team_goals_avg_last_5,away_goals_avg_last_5,ht_home_goals_avg_last_5,ht_away_goals_avg_last_5,home_balance_1h,home_balance_2h,away_balance_1h,away_balance_2h,home_form_1h_last_5,away_form_1h_last_5,home_form_2h_last_5,away_form_2h_last_5,home_shots_avg_last_5,away_shots_avg_last_5,home_shots_target_avg_last_5,away_shots_target_avg_last_5,home_red_cards_avg_last_5,away_red_cards_avg_last_5,home_goals_conceded_avg_last_5,away_goals_conceded_avg_last_5,target,home_points,away_points,home_points_avg_last_5,away_points_avg_last_5
2025-08-15,Liverpool,Bournemouth,4,2,H,1,0,H,19,10,10,3,0,0,1.3,6.0,8.5,,,,,1,1,-1,-1,,,,,,,,,,,,,2,3,0,,
2025-08-16,Aston Villa,Newcastle,0,0,D,0,0,D,3,16,3,3,1,0,2.25,3.5,2.9,,,,,0,0,0,0,,,,,,,,,,,,,1,1,1,,
2025-08-16,Brighton,Fulham,1,1,D,0,0,D,10,7,4,2,0,0,1.91,3.6,4.0,,,,,0,0,0,0,,,,,,,,,,,,,1,1,1,,
2025-08-16,Sunderland,West Ham,3,0,H,0,0,D,10,12,5,4,0,0,3.25,3.4,2.25,,,,,0,3,0,-3,,,,,,,,,,,,,2,3,0,,
2025-08-16,Tottenham,Burnley,3,0,H,1,0,H,16,14,6,4,0,0,1.38,4.75,8.5,,,,,1,2,-1,-2,,,,,,,,,,,,,2,3,0,,
2025-08-16,Wolves,Man City,0,4,A,0,2,A,9,15,3,4,0,0,6.25,4.75,1.45,,,,,-2,-2,2,2,,,,,,,,,,,,,0,0,3,,
2025-08-17,Nott'm Forest,Brentford,3,1,H,3,0,H,11,10,5,3,0,0,2.2,3.3,3.5,,,,,3,-1,-3,1,,,,,,,,,,,,,2,3,0,,
2025-08-17,Man United,Arsenal,0,1,A,0,1,A,22,9,7,3,0,0,3.6,3.6,1.95,,,,,-1,0,1,0,,,,,,,,,,,,,0,0,3,,
2025-08-17,Chelsea,Crystal Palace,0,0,D,0,0,D,19,12,3,4,0,0,1.62,4.33,4.5,,,,,0,0,0,0,,,,,,,,,,,,,1,1,1,,
2025-08-18,Leeds,Everton,1,0,H,0,0,D,21,7,3,1,0,0,2.38,3.3,3.0,,,,,0,1,0,-1,,,,,,,,,,,,,2,3,0,,
2025-08-22,West Ham,Chelsea,1,5,A,1,3,A,12,12,4,7,0,0,4.75,3.8,1.73,,,,,-2,-2,2,2,,,,,,,,,,,,,0,0,3,,
2025-08-23,Arsenal,Leeds,5,0,H,2,0,H,18,3,5,1,0,0,1.27,6.25,9.5,,,,,2,3,-2,-3,,,,,,,,,,,,,2,3,0,,
2025-08-23,Man City,Tottenham,0,2,A,0,2,A,10,12,4,5,0,0,1.48,4.5,6.25,,,,,-2,0,2,0,,,,,,,,,,,,,0,0,3,,
2025-08-23,Bournemouth,Wolves,1,0,H,1,0,H,14,6,4,1,0,1,1.8,3.8,4.2,,,,,1,0,-1,0,,,,,,,,,,,,,2,3,0,,
2025-08-23,Brentford,Aston Villa,1,0,H,1,0,H,9,17,2,2,0,0,3.1,3.6,2.2,,,,,1,0,-1,0,,,,,,,,,,,,,2,3,0,,
2025-08-23,Burnley,Sunderland,2,0,H,0,0,D,7,9,2,1,0,0,2.2,3.2,3.5,,,,,0,2,0,-2,,,,,,,,,,,,,2,3,0,,
2025-08-24,Fulham,Man United,1,1,D,0,0,D,13,10,4,3,0,0,3.25,3.5,2.15,,,,,0,0,0,0,,,,,,,,,,,,,1,1,1,,
2025-08-24,Crystal Palace,Nott'm Forest,1,1,D,1,0,H,8,9,4,1,0,0,2.35,3.3,3.1,,,,,1,-1,-1,1,,,,,,,,,,,,,1,1,1,,
2025-08-24,Everton,Brighton,2,0,H,1,0,H,11,13,3,4,0,0,3.1,3.3,2.3,,,,,1,1,-1,-1,,,,,,,,,,,,,2,3,0,,
2025-08-25,Newcastle,Liverpool,2,3,A,0,1,A,10,5,3,4,1,0,3.25,3.8,2.05,,,,,-1,0,1,0,,,,,,,,,,,,,0,0,3,,
2025-08-30,Chelsea,Fulham,2,0,H,1,0,H,13,11,6,3,0,0,1.55,4.33,5.25,0.0,1.0,0.0,0.0,1,1,-1,-1,0.0,0.0,0.0,0.0,19.0,7.0,3.0,2.0,0.0,0.0,0.0,1.0,2,3,0,1.0,1.0
2025-08-30,Man United,Burnley,3,2,H,1,0,H,26,6,6,3,0,0,1.33,5.25,8.0,0.0,0.0,0.0,0.0,1,0,-1,0,-1.0,-1.0,0.0,-2.0,22.0,14.0,7.0,4.0,0.0,0.0,1.0,3.0,2,3,0,0.0,0.0
2025-08-30,Sunderland,Brentford,2,1,H,0,0,D,12,7,3,4,0,0,3.0,3.3,2.4,3.0,1.0,0.0,0.0,0,1,0,-1,0.0,-3.0,3.0,1.0,10.0,10.0,5.0,3.0,0.0,0.0,0.0,3.0,2,3,0,3.0,0.0
2025-08-30,Tottenham,Bournemouth,0,1,A,0,1,A,5,20,1,6,0,0,1.73,4.2,4.2,3.0,2.0,1.0,0.0,-1,0,1,0,1.0,-1.0,2.0,-1.0,16.0,10.0,6.0,3.0,0.0,0.0,0.0,4.0,0,0,3,3.0,0.0
2025-08-30,Wolves,Everton,2,3,A,1,2,A,12,10,4,4,0,0,2.7,3.2,2.75,0.0,0.0,0.0,0.0,-1,0,1,0,-2.0,0.0,-2.0,-1.0,9.0,7.0,3.0,1.0,0.0,0.0,4.0,1.0,0,0,3,0.0,0.0
2025-08-30,Leeds,Newcastle,0,0,D,0,0,D,10,8,1,2,0,0,3.5,3.4,2.1,1.0,0.0,0.0,0.0,0,0,0,0,0.0,0.0,1.0,0.0,21.0,16.0,3.0,3.0,0.0,0.0,0.0,0.0,1,1,1,3.0,1.0
2025-08-31,Brighton,Man City,2,1,H,0,1,A,12,12,7,3,0,0,3.8,3.9,1.9,1.0,4.0,0.0,2.0,-1,2,1,-2,0.0,2.0,0.0,2.0,10.0,15.0,4.0,4.0,0.0,0.0,1.0,0.0,2,3,0,1.0,3.0
2025-08-31,Nott'm Forest,West Ham,0,3,A,0,0,D,11,12,3,8,0,0,1.67,3.75,5.25,3.0,0.0,3.0,0.0,0,-3,0,3,3.0,0.0,-1.0,-3.0,11.0,12.0,5.0,4.0,0.0,0.0,1.0,3.0,0,0,3,3.0,0.0
2025-08-31,Liverpool,Arsenal,1,0,H,0,0,D,9,11,3,1,0,0,2.2,3.5,3.2,4.0,1.0,1.0,1.0,0,1,0,-1,1.0,1.0,1.0,0.0,19.0,9.0,10.0,3.0,0.0,0.0,2.0,0.0,2,3,0,3.0,3.0
2025-08-31,Aston Villa,Crystal Palace,0,3,A,0,1,A,13,6,4,4,0,0,1.85,3.7,4.0,0.0,0.0,0.0,0.0,-1,-2,1,2,0.0,0.0,0.0,0.0,3.0,12.0,3.0,4.0,1.0,0.0,0.0,0.0,0,0,3,1.0,1.0
2025-09-13,Newcastle,Wolves,1,0,H,1,0,H,16,8,4,3,0,0,1.42,4.75,7.0,2.0,0.0,0.0,0.0,1,0,-1,0,-1.0,-1.0,0.0,0.0,10.0,6.0,3.0,1.0,1.0,1.0,3.0,1.0,2,3,0,0.0,0.0
2025-09-13,Brentford,Chelsea,2,2,D,1,0,H,7,16,4,6,0,0,4.5,3.9,1.73,1.0,5.0,1.0,3.0,1,-1,-1,1,1.0,2.0,0.0,2.0,9.0,12.0,2.0,7.0,0.0,0.0,0.0,1.0,1,1,1,3.0,3.0
2025-09-13,Fulham,Leeds,1,0,H,0,0,D,5,10,3,3,0,0,1.91,3.5,4.0,1.0,0.0,0.0,0.0,0,1,0,-1,0.0,-2.0,0.0,-3.0,13.0,3.0,4.0,1.0,0.0,0.0,1.0,5.0,2,3,0,1.0,0.0
2025-09-13,West Ham,Tottenham,0,3,A,0,0,D,7,14,4,5,1,0,3.4,3.6,2.1,1.0,2.0,1.0,2.0,0,-3,0,3,-2.0,2.0,-2.0,0.0,12.0,12.0,4.0,5.0,0.0,0.0,5.0,0.0,0,0,3,0.0,3.0
2025-09-13,Crystal Palace,Sunderland,0,0,D,0,0,D,14,6,6,0,0,0,1.65,3.75,5.75,1.0,0.0,1.0,0.0,0,0,0,0,1.0,0.0,-1.0,-2.0,8.0,9.0,4.0,1.0,0.0,0.0,1.0,2.0,1,1,1,1.0,0.0
2025-09-13,Arsenal,Nott'm Forest,3,0,H,1,0,H,16,5,5,1,0,0,1.38,5.0,8.0,5.0,1.0,2.0,0.0,1,2,-1,-2,2.0,-1.0,3.0,1.0,18.0,9.0,5.0,1.0,0.0,0.0,0.0,1.0,2,3,0,3.0,1.0
2025-09-13,Everton,Aston Villa,0,0,D,0,0,D,20,7,2,1,0,0,2.45,3.3,2.9,2.0,0.0,1.0,0.0,0,0,0,0,1.0,-1.0,1.0,0.0,11.0,17.0,3.0,2.0,0.0,0.0,0.0,1.0,1,1,1,3.0,0.0
2025-09-13,Bournemouth,Brighton,2,1,H,1,0,H,13,6,5,2,0,0,2.35,3.5,2.9,1.0,0.0,1.0,0.0,1,0,-1,0,1.0,-1.0,0.0,-1.0,14.0,13.0,4.0,4.0,0.0,0.0,0.0,2.0,2,3,0,3.0,0.0
2025-09-14,Burnley,Liverpool,0,1,A,0,0,D,3,27,0,4,0,0,8.0,5.5,1.33,2.0,3.0,0.0,1.0,0,-1,0,1,0.0,1.0,2.0,0.0,7.0,5.0,2.0,4.0,0.0,0.0,0.0,2.0,0,0,3,3.0,3.0
2025-09-14,Man City,Man United,3,0,H,1,0,H,13,12,6,2,0,0,1.75,4.0,4.2,0.0,1.0,0.0,0.0,1,2,-1,-2,-2.0,0.0,0.0,0.0,10.0,10.0,4.0,3.0,0.0,0.0,2.0,1.0,2,3,0,0.0,1.0
2025-09-20,Liverpool,Everton,2,1,H,2,0,H,11,9,3,2,0,0,1.45,4.75,6.5,2.5,1.5,0.5,1.0,2,-1,-2,1,0.5,0.5,1.0,-0.5,14.0,8.5,6.5,2.5,0.0,0.0,1.0,1.5,2,3,0,3.0,1.5
2025-09-20,Brighton,Tottenham,2,2,D,2,1,H,12,11,4,3,0,0,2.25,3.7,3.0,1.5,2.5,0.0,1.0,1,-1,-1,1,-0.5,1.0,1.0,1.5,11.0,13.0,5.5,5.0,0.0,0.0,1.0,0.0,1,1,1,2.0,3.0
2025-09-20,Burnley,Nott'm Forest,1,1,D,1,1,D,12,17,5,8,0,0,3.4,3.3,2.2,1.0,0.5,0.0,0.0,0,0,0,0,0.0,-1.0,0.5,-0.5,5.0,7.0,1.0,1.0,0.0,0.0,0.5,2.0,1,1,1,1.5,0.5
2025-09-20,Wolves,Leeds,1,3,A,1,3,A,16,6,6,4,0,0,2.7,3.2,2.75,1.0,0.0,0.5,0.0,-2,0,2,0,-1.5,-1.0,-1.0,-2.0,10.5,6.5,3.5,2.0,0.0,0.0,3.5,3.0,0,0,3,0.0,0.0
2025-09-20,Man United,Chelsea,2,1,H,2,0,H,11,5,4,1,1,1,2.6,3.8,2.45,1.5,3.5,0.5,1.5,2,-1,-2,1,0.0,0.5,0.0,1.5,24.0,14.0,6.5,6.5,0.0,0.0,1.5,1.5,2,3,0,1.5,2.0
2025-09-20,Fulham,Brentford,3,1,H,2,1,H,14,8,3,3,0,0,2.0,3.4,3.8,1.0,1.0,0.0,0.0,1,1,-1,-1,0.0,-1.5,0.5,0.0,9.0,8.5,3.5,3.5,0.0,0.0,0.5,2.5,2,3,0,2.0,0.0
2025-09-20,West Ham,Crystal Palace,1,2,A,0,1,A,8,18,3,3,0,0,2.88,3.5,2.38,0.5,1.5,0.5,0.5,-1,0,1,0,-1.0,0.5,-2.5,1.0,9.5,9.0,4.0,4.0,0.5,0.0,4.0,0.0,0,0,3,0.0,2.0
2025-09-21,Bournemouth,Newcastle,0,0,D,0,0,D,11,4,2,1,0,0,2.5,3.5,2.7,1.5,0.0,1.0,0.0,0,0,0,0,1.0,0.0,0.0,0.0,13.5,12.0,4.5,2.5,0.0,0.0,0.5,0.0,1,1,1,3.0,1.0
2025-09-21,Sunderland,Aston Villa,1,1,D,0,0,D,14,12,4,2,1,0,3.4,3.5,2.1,2.5,0.0,0.0,0.0,0,0,0,0,0.0,-0.5,2.0,0.0,11.0,12.0,4.0,1.5,0.0,0.0,0.5,0.5,1,1,1,3.0,0.5
2025-09-21,Arsenal,Man City,1,1,D,0,1,A,12,5,3,3,0,0,1.85,3.9,3.8,4.0,2.5,1.5,1.5,-1,1,1,-1,1.5,1.5,2.5,0.0,17.0,13.5,5.0,3.5,0.0,0.0,0.0,1.0,1,1,1,3.0,1.5
2025-09-27,Man City,Burnley,5,1,H,1,1,D,21,9,8,2,0,0,1.17,7.5,15.0,1.5,1.0,0.5,0.0,0,4,0,-4,-0.5,-1.0,1.0,-1.0,11.5,10.0,5.0,3.5,0.0,0.0,1.0,3.0,2,3,0,1.5,0.0
2025-09-27,Nott'm Forest,Sunderland,0,1,A,0,1,A,22,11,6,3,0,0,1.75,3.75,4.5,1.5,0.0,1.5,0.0,-1,0,1,0,1.5,0.0,-2.0,-1.0,11.0,7.5,4.0,0.5,0.0,0.0,2.0,1.0,0,0,3,1.5,0.5
2025-09-27,Tottenham,Wolves,1,1,D,0,0,D,10,9,3,3,0,0,1.5,4.5,6.0,1.5,0.0,0.5,0.0,0,0,0,0,0.0,-1.0,1.0,0.0,10.5,7.0,3.5,2.0,0.0,0.5,0.5,1.0,1,1,1,1.5,0.0
2025-09-27,Leeds,Bournemouth,2,2,D,1,1,D,19,12,8,5,0,0,3.1,3.25,2.38,0.5,1.5,0.0,0.5,0,0,0,0,0.0,0.0,0.5,-0.5,15.5,15.0,2.0,4.5,0.0,0.0,0.0,2.0,1,1,1,2.0,1.5
2025-09-27,Chelsea,Brighton,1,3,A,1,0,H,13,12,3,3,1,0,1.85,3.8,3.8,1.0,0.5,0.5,0.0,1,-3,-1,3,0.5,-1.0,0.5,-0.5,16.0,9.5,4.5,3.0,0.0,0.0,0.0,2.0,0,0,3,2.0,0.0
2025-09-27,Brentford,Man United,3,1,H,2,1,H,10,14,8,6,0,0,3.4,3.8,2.0,1.5,0.5,1.0,0.0,1,1,-1,-1,1.0,-0.5,-0.5,-1.0,8.0,11.0,3.0,2.5,0.0,0.0,1.0,2.0,2,3,0,2.0,0.5
2025-09-27,Crystal Palace,Liverpool,2,1,H,1,0,H,16,20,7,4,0,0,3.8,3.8,1.9,0.5,2.0,0.5,0.5,1,0,-1,0,0.5,0.5,-0.5,0.5,11.0,16.0,5.0,4.0,0.0,0.0,0.5,1.0,2,3,0,1.0,3.0
2025-09-28,Aston Villa,Fulham,3,1,H,1,1,D,9,11,4,4,0,0,2.3,3.1,3.4,0.0,0.5,0.0,0.0,0,2,0,-2,-0.5,-0.5,-1.0,-0.5,8.0,9.0,3.5,2.5,0.5,0.0,1.5,1.5,2,3,0,0.5,0.5
2025-09-28,Newcastle,Arsenal,1,2,A,1,0,H,8,20,3,7,0,0,3.6,3.4,2.1,1.5,0.5,0.5,0.5,1,-2,-1,2,0.0,0.5,0.0,-0.5,13.0,10.0,3.5,2.0,0.5,0.0,1.5,0.5,0,0,3,1.5,1.5
2025-09-29,Everton,West Ham,1,1,D,1,0,H,12,14,6,3,0,0,1.7,3.75,5.0,1.0,1.5,0.5,0.0,1,-1,-1,1,0.5,0.0,0.5,0.0,15.5,12.0,2.5,6.0,0.0,0.0,0.0,1.5,1,1,1,2.0,1.5
2025-10-03,Bournemouth,Fulham,3,1,H,0,0,D,11,12,6,4,0,0,1.95,3.5,3.9,1.0,0.6666666666666666,0.6666666666666666,0.3333333333333333,0,2,0,-2,0.6666666666666666,-0.3333333333333333,0.0,-1.0,12.666666666666666,9.666666666666666,3.6666666666666665,3.0,0.0,0.0,0.3333333333333333,2.0,2,3,0,2.3333333333333335,0.3333333333333333
2025-10-04,Chelsea,Liverpool,2,1,H,1,0,H,12,12,6,2,0,0,2.8,3.75,2.3,1.0,1.6666666666666667,0.6666666666666666,0.3333333333333333,1,0,-1,0,0.6666666666666666,0.0,-0.6666666666666666,0.3333333333333333,15.0,17.333333333333332,4.0,4.0,0.3333333333333333,0.0,1.0,1.3333333333333333,2,3,0,1.3333333333333333,2.0
2025-10-04,Man United,Sunderland,2,0,H,2,0,H,15,8,6,3,0,0,1.5,4.75,5.75,1.6666666666666667,0.3333333333333333,1.0,0.3333333333333333,2,0,-2,0,0.6666666666666666,0.3333333333333333,-0.3333333333333333,-0.6666666666666666,19.666666666666668,8.666666666666666,5.666666666666667,1.3333333333333333,0.3333333333333333,0.0,1.3333333333333333,0.6666666666666666,2,3,0,2.0,1.3333333333333333
2025-10-04,Leeds,Tottenham,1,2,A,1,1,D,16,9,4,3,0,0,2.7,3.5,2.5,1.0,2.3333333333333335,0.3333333333333333,1.0,0,-1,0,1,0.0,0.3333333333333333,0.3333333333333333,1.3333333333333333,16.666666666666668,12.333333333333334,4.0,4.333333333333333,0.0,0.0,0.6666666666666666,0.6666666666666666,0,0,3,1.6666666666666667,2.3333333333333335
2025-10-04,Arsenal,West Ham,2,0,H,1,0,H,21,4,5,0,0,0,1.18,6.5,17.0,3.0,1.3333333333333333,1.0,0.0,1,1,-1,-1,0.6666666666666666,-0.3333333333333333,2.0,0.3333333333333333,15.333333333333334,12.666666666666666,4.333333333333333,5.0,0.0,0.0,0.3333333333333333,1.3333333333333333,2,3,0,2.3333333333333335,1.3333333333333333
2025-10-05,Aston Villa,Burnley,2,1,H,1,0,H,15,5,7,2,0,0,1.6,4.0,5.75,1.0,1.0,0.3333333333333333,0.3333333333333333,1,0,-1,0,-0.3333333333333333,-0.6666666666666666,0.0,-2.0,8.333333333333334,9.666666666666666,3.6666666666666665,3.0,0.3333333333333333,0.0,1.3333333333333333,3.6666666666666665,2,3,0,1.3333333333333333,0.0
2025-10-05,Everton,Crystal Palace,2,1,H,0,1,A,14,15,7,8,0,0,2.45,3.25,3.0,1.0,1.6666666666666667,0.6666666666666666,0.6666666666666666,-1,2,1,-2,0.6666666666666666,0.6666666666666666,0.0,0.6666666666666666,14.333333333333334,12.0,3.6666666666666665,3.6666666666666665,0.0,0.0,0.3333333333333333,0.3333333333333333,2,3,0,1.6666666666666667,2.3333333333333335
2025-10-05,Newcastle,Nott'm Forest,2,0,H,0,0,D,18,5,9,4,0,0,1.57,4.2,5.5,1.3333333333333333,0.6666666666666666,0.6666666666666666,0.3333333333333333,0,2,0,-2,0.3333333333333333,-0.6666666666666666,-0.6666666666666666,-0.3333333333333333,11.333333333333334,10.333333333333334,3.3333333333333335,3.3333333333333335,0.3333333333333333,0.0,1.6666666666666667,1.6666666666666667,2,3,0,1.0,0.6666666666666666
2025-10-05,Wolves,Brighton,1,1,D,1,0,H,6,17,3,6,0,0,3.6,3.7,2.0,1.0,1.3333333333333333,0.6666666666666666,0.0,1,-1,-1,1,-1.6666666666666667,-1.0,-0.6666666666666666,0.6666666666666666,12.333333333333334,10.333333333333334,4.333333333333333,3.0,0.0,0.0,3.3333333333333335,1.6666666666666667,1,1,1,0.0,1.0
2025-10-05,Brentford,Man City,0,1,A,0,1,A,6,10,1,4,0,0,4.75,4.5,1.62,2.0,2.0,1.3333333333333333,1.3333333333333333,-1,0,1,0,1.0,1.3333333333333333,0.0,-0.3333333333333333,8.666666666666666,10.666666666666666,4.666666666666667,3.3333333333333335,0.0,0.0,1.0,1.0,0,0,3,2.3333333333333335,1.3333333333333333
2025-10-18,Sunderland,Wolves,2,0,H,1,0,H,8,16,2,3,0,0,2.5,3.0,3.1,2.0,0.3333333333333333,0.0,0.0,1,1,-1,-1,0.0,-0.6666666666666666,1.3333333333333333,0.0,12.0,7.666666666666667,4.0,2.3333333333333335,0.3333333333333333,0.3333333333333333,0.6666666666666666,1.0,2,3,0,2.3333333333333335,0.3333333333333333
2025-10-18,Fulham,Arsenal,0,1,A,0,0,D,9,16,0,5,0,0,5.75,4.1,1.55,1.6666666666666667,1.0,0.6666666666666666,0.3333333333333333,0,-1,0,1,0.3333333333333333,0.0,0.6666666666666666,0.3333333333333333,10.666666666666666,13.333333333333334,3.3333333333333335,3.6666666666666665,0.0,0.0,0.6666666666666666,0.6666666666666666,0,0,3,2.3333333333333335,2.0
2025-10-18,Man City,Everton,2,0,H,0,0,D,19,5,7,1,0,0,1.4,5.0,7.0,2.6666666666666665,1.3333333333333333,0.6666666666666666,0.6666666666666666,0,2,0,-2,-0.3333333333333333,-0.3333333333333333,2.0,0.0,14.666666666666666,8.666666666666666,6.0,2.3333333333333335,0.0,0.0,1.0,1.6666666666666667,2,3,0,2.0,1.0
2025-10-18,Brighton,Newcastle,2,1,H,1,0,H,13,16,5,3,0,0,2.63,3.4,2.6,1.6666666666666667,0.0,0.6666666666666666,0.0,1,0,-1,0,0.0,0.0,0.3333333333333333,0.0,11.333333333333334,9.333333333333334,5.0,2.0,0.0,0.0,1.3333333333333333,0.0,2,3,0,1.6666666666666667,1.0
2025-10-18,Burnley,Leeds,2,0,H,1,0,H,4,19,3,4,0,0,3.25,3.25,2.25,1.0,1.0,0.3333333333333333,1.0,1,1,-1,-1,0.0,0.0,0.3333333333333333,-1.3333333333333333,7.333333333333333,6.333333333333333,2.3333333333333335,2.6666666666666665,0.0,0.0,0.6666666666666666,2.3333333333333335,2,3,0,1.3333333333333333,1.0
2025-10-18,Crystal Palace,Bournemouth,3,3,D,0,2,A,20,8,7,5,0,0,2.2,3.4,3.25,1.0,1.6666666666666667,0.6666666666666666,0.6666666666666666,-2,2,2,-2,0.6666666666666666,0.0,-0.3333333333333333,-0.3333333333333333,12.666666666666666,14.0,5.666666666666667,4.666666666666667,0.0,0.0,0.6666666666666666,2.0,1,1,1,1.6666666666666667,1.3333333333333333
2025-10-18,Nott'm Forest,Chelsea,0,3,A,0,0,D,12,17,2,6,0,1,3.7,3.8,1.95,1.0,2.6666666666666665,1.0,1.0,0,-3,0,3,0.6666666666666666,-0.3333333333333333,-1.3333333333333333,1.3333333333333333,14.666666666666666,11.0,4.666666666666667,4.666666666666667,0.0,0.3333333333333333,1.6666666666666667,1.6666666666666667,0,0,3,1.0,1.3333333333333333
2025-10-19,Tottenham,Aston Villa,1,2,A,1,1,D,9,8,3,2,0,0,2.05,3.5,3.5,1.3333333333333333,0.3333333333333333,0.3333333333333333,0.0,0,-1,0,1,0.0,-0.3333333333333333,0.6666666666666666,0.0,10.333333333333334,12.0,3.3333333333333335,1.6666666666666667,0.0,0.0,0.6666666666666666,0.6666666666666666,0,0,3,1.3333333333333333,0.6666666666666666
2025-10-19,Liverpool,Man United,1,2,A,0,1,A,19,12,6,4,0,0,1.6,4.5,5.0,2.3333333333333335,0.6666666666666666,1.0,0.3333333333333333,-1,0,1,0,1.0,-0.6666666666666666,0.3333333333333333,-1.0,13.0,12.0,5.333333333333333,3.6666666666666665,0.0,0.0,1.0,2.3333333333333335,0,0,3,3.0,0.3333333333333333
2025-10-20,West Ham,Brentford,0,2,A,0,1,A,7,22,1,7,0,0,2.5,3.25,2.88,0.6666666666666666,1.0,0.3333333333333333,0.3333333333333333,-1,-1,1,1,-1.0,-1.3333333333333333,-1.6666666666666667,-0.3333333333333333,9.0,8.333333333333334,3.6666666666666665,3.3333333333333335,0.3333333333333333,0.0,3.3333333333333335,2.6666666666666665,0,0,3,0.0,0.0
2025-10-24,Leeds,West Ham,2,1,H,2,0,H,13,9,5,3,0,0,1.8,3.5,4.75,1.0,1.0,0.5,0.0,2,-1,-2,1,0.0,-0.5,0.0,0.0,16.5,10.5,4.0,3.75,0.0,0.0,1.0,1.5,2,3,0,1.25,1.0
2025-10-25,Brentford,Liverpool,3,2,H,2,1,H,17,18,8,5,0,0,4.1,4.2,1.75,1.5,1.5,1.0,0.25,1,0,-1,0,0.5,-0.25,0.0,0.25,8.0,16.0,3.75,3.5,0.0,0.0,1.0,1.5,2,3,0,1.75,1.5
2025-10-25,Man United,Brighton,4,2,H,2,0,H,13,17,9,5,0,0,1.95,3.8,3.5,1.75,1.25,1.25,0.0,2,0,-2,0,1.0,-1.0,-0.25,0.75,18.5,12.0,5.75,3.75,0.25,0.0,1.0,1.5,2,3,0,2.25,1.0
2025-10-25,Chelsea,Sunderland,1,2,A,1,1,D,16,10,7,4,0,0,1.36,4.75,9.0,1.25,0.25,0.75,0.25,0,-1,0,1,0.75,-0.25,-0.5,-0.5,14.25,8.5,4.5,1.75,0.25,0.0,1.0,1.0,0,0,3,1.75,1.0
2025-10-25,Newcastle,Fulham,2,1,H,1,0,H,18,12,7,5,0,0,1.62,3.9,5.5,1.5,0.75,0.5,0.25,1,0,-1,0,0.25,-0.25,0.0,-1.25,13.0,10.25,4.75,3.25,0.25,0.0,1.25,2.25,2,3,0,1.5,0.25
2025-10-26,Arsenal,Crystal Palace,1,0,H,1,0,H,10,7,3,1,0,0,1.4,4.75,7.5,2.75,1.5,1.0,0.75,1,0,-1,0,0.75,0.75,1.75,0.0,16.75,12.75,4.5,4.75,0.0,0.0,0.25,0.75,2,3,0,2.5,1.75
2025-10-26,Aston Villa,Man City,1,0,H,1,0,H,9,18,3,4,0,0,4.33,3.8,1.8,1.25,1.75,0.5,1.25,1,0,-1,0,0.0,1.25,0.0,-0.25,10.0,10.5,4.5,3.5,0.25,0.0,1.25,0.75,2,3,0,1.75,1.75
2025-10-26,Bournemouth,Nott'm Forest,2,0,H,2,0,H,13,8,5,4,0,0,1.8,3.8,4.33,1.5,0.5,0.5,0.25,2,0,-2,0,0.5,-0.5,0.5,-0.75,12.25,9.0,4.25,3.5,0.0,0.0,0.5,1.75,2,3,0,2.5,0.5
2025-10-26,Wolves,Burnley,2,3,A,2,2,D,15,11,7,7,0,0,1.95,3.3,4.2,1.0,1.0,0.75,0.25,0,-1,0,1,-1.0,-0.75,-0.75,-1.5,10.75,8.5,4.0,2.75,0.0,0.0,2.75,3.25,0,0,3,0.25,0.0
2025-10-26,Everton,Tottenham,0,3,A,0,2,A,12,7,2,4,0,0,2.35,3.4,3.0,1.25,2.25,0.5,1.0,-2,-1,2,1,0.25,0.25,0.5,1.25,14.25,11.5,4.5,4.0,0.0,0.0,0.5,0.75,0,0,3,2.0,2.5
2025-11-01,Tottenham,Chelsea,0,1,A,0,1,A,3,15,1,9,0,0,2.7,3.5,2.5,1.25,2.75,0.5,0.75,-1,0,1,0,0.0,-0.25,0.25,1.75,10.0,12.5,3.25,5.0,0.0,0.5,1.0,1.25,0,0,3,1.0,1.75
2025-11-01,Liverpool,Aston Villa,2,0,H,1,0,H,16,10,4,3,0,0,1.65,4.33,4.5,2.0,0.75,0.75,0.25,1,1,-1,-1,0.5,-0.25,0.25,0.25,14.5,11.0,5.5,1.75,0.0,0.0,1.25,0.75,2,3,0,2.25,1.25
2025-11-01,Nott'm Forest,Man United,2,2,D,0,1,A,17,18,3,7,0,0,3.3,3.75,2.05,0.75,1.0,0.75,0.5,-1,1,1,-1,0.5,-0.25,-1.75,-0.75,14.0,12.0,4.0,3.75,0.0,0.0,2.0,2.0,1,1,1,0.75,1.0
2025-11-01,Brighton,Leeds,3,0,H,1,0,H,14,5,7,2,0,0,1.85,3.75,4.0,1.75,0.75,0.75,0.75,1,2,-1,-2,0.25,-0.25,0.25,-1.25,11.75,9.5,5.0,3.0,0.0,0.0,1.25,2.25,2,3,0,2.0,0.75
2025-11-01,Crystal Palace,Brentford,2,0,H,1,0,H,9,6,2,2,0,0,1.91,3.6,3.9,1.5,1.25,0.5,0.5,1,1,-1,-1,0.0,-0.75,0.25,0.0,14.5,11.75,6.0,4.25,0.0,0.0,1.25,2.0,2,3,0,1.5,0.75
2025-11-01,Burnley,Arsenal,0,2,A,0,2,A,3,12,0,8,0,0,10.0,6.0,1.27,1.25,1.0,0.5,0.25,-2,0,2,0,0.25,0.0,0.5,0.5,6.5,14.0,2.5,4.0,0.0,0.0,0.5,0.5,0,0,3,1.75,2.25
2025-11-01,Fulham,Wolves,3,0,H,1,0,H,19,5,6,2,0,1,1.83,3.5,4.5,1.25,0.25,0.5,0.0,1,2,-1,-2,0.25,-0.75,0.25,-0.25,10.25,9.75,2.5,2.5,0.0,0.25,0.75,1.25,2,3,0,1.75,0.25
2025-11-02,West Ham,Newcastle,3,1,H,2,1,H,15,12,9,4,0,0,5.25,4.0,1.62,0.5,0.25,0.25,0.0,1,1,-1,-1,-1.0,-0.25,-1.5,0.0,8.5,11.0,3.0,2.25,0.25,0.0,3.0,0.5,2,3,0,0.0,0.75
2025-11-02,Man City,Bournemouth,3,1,H,2,1,H,15,8,8,5,0,0,1.5,4.75,5.75,2.5,2.0,0.5,1.0,1,1,-1,-1,-0.25,0.5,2.0,-0.75,15.75,12.5,6.25,4.75,0.0,0.0,0.75,2.25,2,3,0,2.25,1.25
2025-11-03,Sunderland,Everton,1,1,D,0,1,A,17,8,3,2,0,0,2.7,3.2,2.7,2.0,1.0,0.25,0.5,-1,1,1,-1,0.25,-0.25,1.25,-0.5,11.0,7.75,3.5,2.0,0.25,0.0,0.5,1.75,1,1,1,2.5,0.75
2025-11-08,Tottenham,Man United,2,2,D,0,1,A,10,5,4,2,0,0,2.63,3.6,2.5,1.0,1.2,0.4,0.6,-1,1,1,-1,-0.2,0.0,0.2,-0.8,8.6,13.2,2.8,4.4,0.0,0.0,1.0,2.0,1,1,1,0.8,1.0
2025-11-08,Everton,Fulham,2,0,H,1,0,H,14,8,5,4,0,0,2.2,3.3,3.4,1.0,0.8,0.4,0.2,1,1,-1,-1,-0.2,-0.4,0.2,-1.0,13.8,10.6,4.0,3.6,0.0,0.0,1.0,2.2,2,3,0,1.6,0.2
2025-11-08,West Ham,Burnley,3,2,H,1,1,D,15,16,6,7,0,0,1.91,3.5,4.0,1.0,1.4,0.6,0.6,0,1,0,-1,-0.6,-0.6,-1.0,-1.0,9.8,9.0,4.2,3.6,0.2,0.0,2.6,3.0,2,3,0,0.6,0.6
2025-11-08,Sunderland,Arsenal,2,2,D,1,0,H,6,17,2,7,0,0,7.5,5.0,1.38,1.8,1.2,0.2,0.6,1,-1,-1,1,0.0,0.4,1.2,0.4,12.2,13.6,3.4,4.8,0.2,0.0,0.6,0.4,1,1,1,2.2,2.4
2025-11-08,Chelsea,Wolves,3,0,H,0,0,D,20,3,8,0,0,0,1.36,4.75,8.5,1.2,0.2,0.8,0.0,0,3,0,-3,0.6,-0.8,-0.6,-0.6,14.6,8.8,5.0,2.4,0.2,0.4,1.2,1.6,2,3,0,1.4,0.2
2025-11-09,Man City,Liverpool,3,0,H,2,0,H,14,7,6,1,0,0,1.9,3.9,3.7,2.6,1.6,0.8,0.4,2,1,-2,-1,0.0,-0.4,1.8,0.2,15.6,16.4,6.6,3.8,0.0,0.0,0.8,1.8,2,3,0,2.4,1.2
2025-11-09,Crystal Palace,Brighton,0,0,D,0,0,D,10,7,2,3,0,0,2.25,3.5,3.1,1.6,1.4,0.6,0.0,0,0,0,0,0.2,-1.2,0.4,0.6,13.4,13.0,5.2,4.0,0.0,0.0,1.0,2.0,1,1,1,1.8,0.8
2025-11-09,Nott'm Forest,Leeds,3,1,H,1,1,D,14,10,6,3,0,0,2.25,3.25,3.3,1.0,0.6,0.6,0.6,0,2,0,-2,0.2,-0.4,-1.2,-1.4,14.6,8.6,3.8,2.8,0.0,0.0,2.0,2.4,2,3,0,0.8,0.6
2025-11-09,Aston Villa,Bournemouth,4,0,H,2,0,H,16,13,8,4,0,0,2.2,3.4,3.25,1.2,1.8,0.6,1.0,2,2,-2,-2,0.2,0.2,0.0,-0.8,9.8,11.6,4.2,4.8,0.2,0.0,1.0,2.4,2,3,0,2.0,1.0
2025-11-09,Brentford,Newcastle,3,1,H,0,1,A,15,5,7,1,0,0,2.8,3.5,2.45,1.8,0.4,1.2,0.2,-1,3,1,-3,0.6,-0.4,0.0,-0.2,9.8,11.2,4.6,2.6,0.0,0.0,1.2,1.0,2,3,0,2.0,0.6
2025-11-22,Burnley,Chelsea,0,2,A,0,1,A,8,15,2,5,0,0,6.25,4.5,1.48,1.0,2.4,0.4,0.8,-1,-1,1,1,-0.2,0.0,0.4,1.4,5.8,13.0,2.0,5.8,0.0,0.4,0.8,1.0,0,0,3,1.4,2.0
2025-11-22,Bournemouth,West Ham,2,2,D,0,2,A,28,5,10,2,0,0,1.62,4.2,4.75,1.6,1.0,0.8,0.0,-2,2,2,-2,0.8,-0.8,0.4,0.2,12.4,10.2,4.4,3.6,0.0,0.0,0.4,1.6,1,1,1,2.6,0.8
2025-11-22,Brighton,Brentford,2,1,H,0,1,A,14,10,5,4,0,0,1.91,3.6,4.0,2.0,1.0,0.8,0.4,-1,2,1,-2,0.4,-0.8,0.6,-0.2,12.2,10.6,5.4,3.8,0.0,0.0,1.0,2.0,2,3,0,2.2,0.6
2025-11-22,Fulham,Sunderland,1,0,H,0,0,D,24,4,6,2,0,0,2.1,3.25,3.75,1.6,0.6,0.6,0.4,0,1,0,-1,0.4,-0.2,0.6,-0.2,12.0,8.8,3.2,2.2,0.0,0.0,0.6,1.0,2,3,0,2.0,1.4
2025-11-22,Liverpool,Nott'm Forest,0,3,A,0,1,A,21,15,4,7,0,0,1.44,5.0,6.25,2.0,0.4,0.8,0.2,-1,-2,1,2,0.6,-0.8,0.4,-0.6,14.8,8.8,5.2,3.6,0.0,0.0,1.0,1.8,0,0,3,2.4,0.4
2025-11-22,Wolves,Crystal Palace,0,2,A,0,0,D,8,10,1,4,0,0,3.8,3.6,1.95,1.2,1.2,1.0,0.6,0,-2,0,2,-0.8,0.4,-0.8,0.0,11.6,11.6,4.6,4.0,0.0,0.0,2.8,0.8,0,0,3,0.2,1.4
2025-11-22,Newcastle,Man City,2,1,H,0,0,D,9,17,5,4,0,0,3.6,3.8,1.95,1.6,1.4,0.6,1.0,0,1,0,-1,0.4,0.8,0.0,-0.2,14.0,12.0,5.2,3.6,0.2,0.0,1.2,0.8,2,3,0,1.8,1.4
2025-11-23,Arsenal,Tottenham,4,1,H,2,0,H,17,3,8,2,0,0,1.42,4.75,7.5,2.4,2.4,1.0,1.2,2,1,-2,-1,0.8,0.6,1.4,1.2,15.4,10.6,4.2,4.0,0.0,0.0,0.2,0.6,2,3,0,2.6,2.6
2025-11-23,Leeds,Aston Villa,1,2,A,1,0,H,14,14,5,3,0,0,3.0,3.3,2.4,1.2,0.6,0.8,0.2,1,-2,-1,2,0.4,-0.4,-0.2,0.0,15.8,10.8,4.2,2.0,0.0,0.0,1.0,1.0,0,0,3,1.6,1.0
2025-11-24,Man United,Everton,0,1,A,0,1,A,25,3,6,1,0,1,1.75,4.0,4.33,2.2,1.0,1.4,0.6,-1,0,1,0,1.2,0.0,-0.2,-0.6,17.4,7.8,6.4,2.0,0.2,0.0,1.2,1.6,0,0,3,2.4,0.8
2025-11-29,Brentford,Burnley,3,1,H,0,0,D,14,6,4,2,0,0,1.45,4.5,7.0,2.2,1.8,1.0,0.8,0,2,0,-2,0.2,-0.4,0.6,-0.8,11.0,9.4,5.6,4.2,0.0,0.0,1.4,3.0,2,3,0,2.0,0.6
2025-11-29,Man City,Leeds,3,2,H,2,0,H,18,9,9,4,0,0,1.22,6.5,12.0,3.2,0.8,1.2,0.8,2,-1,-2,1,0.8,0.0,2.0,-1.2,16.4,10.0,7.0,3.2,0.0,0.0,0.4,2.0,2,3,0,3.0,0.6
2025-11-29,Sunderland,Bournemouth,3,2,H,1,2,A,12,18,6,6,0,1,3.2,3.3,2.3,1.6,1.4,0.4,1.0,-1,2,1,-2,0.2,0.0,0.4,-1.0,11.4,12.2,2.8,5.0,0.2,0.0,1.0,2.4,2,3,0,1.8,1.0
2025-11-29,Everton,Newcastle,1,4,A,0,3,A,10,13,2,8,0,0,2.8,3.25,2.63,1.0,0.6,0.4,0.4,-3,0,3,0,-0.2,-0.2,0.2,-0.8,14.4,9.0,4.4,2.2,0.0,0.0,1.0,1.6,0,0,3,1.6,0.4
2025-11-29,Tottenham,Fulham,1,2,A,0,2,A,14,7,2,3,0,0,2.2,3.3,3.3,0.8,0.6,0.2,0.2,-2,1,2,-1,-0.6,-0.6,0.0,-1.2,7.4,10.8,2.4,4.0,0.0,0.0,1.4,2.4,0,0,3,0.4,0.0
2025-11-30,Chelsea,Arsenal,1,1,D,0,0,D,11,8,4,4,1,0,3.4,3.3,2.2,1.8,1.4,0.8,0.4,0,0,0,0,0.6,0.0,0.0,0.6,14.8,15.2,6.0,5.6,0.2,0.0,1.2,0.8,1,1,1,1.8,2.0
2025-11-30,West Ham,Liverpool,0,2,A,0,0,D,7,9,0,5,1,0,4.33,4.33,1.67,1.4,1.0,0.6,0.2,0,-2,0,2,-0.2,-1.0,-0.4,0.0,10.4,16.8,4.6,3.2,0.2,0.0,2.0,2.0,0,0,3,1.2,0.6
2025-11-30,Crystal Palace,Man United,1,2,A,1,0,H,14,14,3,6,0,0,2.3,3.4,3.1,1.4,1.4,0.4,0.8,1,-2,-1,2,0.0,0.2,0.6,-1.0,13.8,12.2,4.8,4.2,0.0,0.0,0.8,2.2,0,0,3,1.8,1.0
2025-11-30,Aston Villa,Wolves,1,0,H,0,0,D,16,9,6,4,0,0,1.5,4.33,6.5,2.0,0.2,1.0,0.0,0,1,0,-1,0.6,-0.6,0.4,-1.2,12.4,8.2,5.2,2.2,0.0,0.2,1.0,2.0,2,3,0,2.4,0.2
2025-11-30,Nott'm Forest,Brighton,0,2,A,0,1,A,19,17,3,6,0,0,2.75,3.3,2.63,1.0,1.4,0.2,0.0,-1,-1,1,1,-0.4,-1.0,-0.6,0.8,15.2,11.8,4.0,3.8,0.0,0.0,2.0,1.6,0,0,3,0.8,1.0
2025-12-02,Bournemouth,Everton,0,1,A,0,0,D,5,13,2,3,0,0,2.2,3.25,3.3,1.8,1.2,0.6,0.8,0,-1,0,1,0.2,0.2,0.8,-0.4,15.2,7.0,5.6,2.0,0.0,0.2,0.8,1.4,0,0,3,2.2,1.4
2025-12-02,Fulham,Man City,4,5,A,1,3,A,12,11,6,4,0,0,4.33,4.1,1.73,1.6,0.8,0.6,0.6,-2,1,2,-1,0.4,0.4,0.8,-0.8,14.2,12.4,3.6,3.6,0.0,0.0,0.4,1.2,0,0,3,2.4,0.8
2025-12-02,Newcastle,Tottenham,2,2,D,0,0,D,19,8,7,2,0,0,1.83,3.8,4.1,1.6,2.2,0.6,0.8,0,0,0,0,0.6,-0.2,0.2,1.0,13.8,8.8,5.6,3.4,0.0,0.0,0.8,1.4,1,1,1,2.4,2.0
2025-12-03,Arsenal,Brentford,2,0,H,1,0,H,15,6,7,1,0,0,1.36,5.0,8.5,2.2,1.0,1.0,0.6,1,1,-1,-1,0.8,0.0,1.0,-0.8,15.2,10.6,4.8,4.0,0.0,0.0,0.4,1.8,2,3,0,2.6,0.6
2025-12-03,Brighton,Aston Villa,3,4,A,2,2,D,16,14,7,10,0,0,2.15,3.5,3.4,2.2,1.0,0.8,0.2,0,-1,0,1,0.2,-0.4,1.0,0.4,13.0,10.2,5.6,2.2,0.0,0.0,1.0,1.0,0,0,3,2.6,1.6
2025-12-03,Burnley,Crystal Palace,0,1,A,0,1,A,11,3,4,3,0,0,4.5,3.8,1.75,0.6,1.6,0.4,0.6,-1,0,1,0,-0.4,0.4,-0.2,0.4,6.0,11.2,2.0,4.0,0.0,0.0,1.2,0.8,0,0,3,0.8,1.8
2025-12-03,Wolves,Nott'm Forest,0,1,A,0,0,D,5,10,1,3,0,0,3.25,3.4,2.25,1.2,0.8,1.0,0.4,0,-1,0,1,-0.4,-0.4,-0.8,-0.4,11.4,10.0,4.2,4.8,0.0,0.0,2.4,1.6,0,0,3,0.2,0.8
2025-12-03,Leeds,Chelsea,3,1,H,2,0,H,17,14,5,2,0,0,4.1,4.1,1.8,1.2,1.8,1.0,0.4,2,0,-2,0,0.6,-0.2,-0.8,1.2,14.4,13.6,4.6,5.4,0.0,0.4,1.4,0.8,2,3,0,1.0,2.0
2025-12-03,Liverpool,Sunderland,1,1,D,0,0,D,23,9,4,6,0,0,1.36,5.25,7.0,1.2,0.6,0.6,0.4,0,0,0,0,0.2,-0.2,-0.2,0.0,15.2,7.8,4.0,2.4,0.0,0.0,1.2,0.8,1,1,1,1.8,1.4
2025-12-04,Man United,West Ham,1,1,D,0,0,D,17,11,4,3,0,0,1.45,5.0,6.0,2.2,1.4,1.4,0.4,0,0,0,0,1.2,-0.4,-0.2,0.4,18.0,8.8,6.2,3.2,0.2,0.0,1.2,1.4,1,1,1,2.4,1.0
2025-12-06,Newcastle,Burnley,2,1,H,2,0,H,17,9,7,3,0,1,1.27,6.0,9.5,1.8,1.6,0.4,0.8,2,-1,-2,1,0.4,-0.2,0.2,-1.2,14.4,9.4,6.2,4.0,0.0,0.0,1.2,3.0,2,3,0,2.0,0.6
2025-12-06,Leeds,Liverpool,3,3,D,0,0,D,12,16,5,7,0,0,3.8,4.0,1.85,1.8,1.2,1.4,0.2,0,0,0,0,1.0,-1.0,-0.8,0.2,15.8,13.2,5.4,3.4,0.0,0.0,1.6,2.0,1,1,1,1.4,0.6
2025-12-06,Man City,Sunderland,3,0,H,2,0,H,18,8,6,1,0,1,1.25,6.5,10.0,3.2,0.8,1.4,0.4,2,1,-2,-1,1.0,-0.2,1.4,0.0,17.4,8.4,7.6,3.6,0.0,0.0,0.8,1.0,2,3,0,3.0,1.4
2025-12-06,Tottenham,Brentford,2,0,H,2,0,H,15,4,7,1,0,0,2.3,3.5,3.0,1.0,0.8,0.2,0.6,2,0,-2,0,-0.8,-0.2,0.2,-0.8,9.2,10.4,2.6,3.4,0.0,0.0,1.6,1.8,2,3,0,0.4,0.6
2025-12-06,Bournemouth,Chelsea,0,0,D,0,0,D,13,11,5,4,0,0,3.1,3.75,2.15,1.4,1.6,0.4,0.4,0,0,0,0,0.0,-0.4,0.6,1.0,13.6,13.2,5.0,4.6,0.0,0.4,0.8,1.0,1,1,1,1.6,1.8
2025-12-06,Aston Villa,Arsenal,2,1,H,1,0,H,15,15,6,9,0,0,4.2,3.5,1.9,2.2,1.6,1.0,0.4,1,0,-1,0,0.8,0.0,1.0,0.8,13.0,14.6,5.6,6.2,0.0,0.0,0.4,0.8,2,3,0,3.0,2.2
2025-12-06,Everton,Nott'm Forest,3,0,H,2,0,H,11,7,5,3,0,0,2.2,3.2,3.5,1.2,1.0,0.4,0.4,2,1,-2,-1,-0.8,-0.2,0.2,0.2,12.4,11.0,4.4,5.2,0.0,0.0,1.8,1.0,2,3,0,1.4,1.4
2025-12-07,Brighton,West Ham,1,1,D,0,0,D,22,14,4,5,0,0,1.55,4.33,5.75,2.4,1.0,1.2,0.4,0,0,0,0,0.4,-0.4,0.4,-0.2,13.8,8.6,5.6,2.2,0.0,0.0,1.6,1.6,1,1,1,2.0,0.6
2025-12-07,Fulham,Crystal Palace,1,2,A,1,1,D,12,11,4,5,0,0,2.55,3.3,2.8,2.2,1.2,0.8,0.6,0,-1,0,1,0.0,0.4,0.8,0.0,15.6,10.6,4.2,3.8,0.0,0.0,1.4,0.8,0,0,3,1.8,1.8
2025-12-08,Wolves,Man United,1,4,A,1,1,D,8,27,2,10,0,0,4.2,4.0,1.75,0.8,1.8,0.8,0.8,0,-3,0,3,-0.2,0.2,-1.0,-0.2,10.0,12.6,3.6,5.0,0.0,0.0,2.0,1.8,0,0,3,0.2,1.6
2025-12-13,Chelsea,Everton,2,0,H,2,0,H,17,11,5,2,0,0,1.67,3.8,5.25,1.6,0.8,0.6,0.4,2,0,-2,0,0.4,0.0,-0.2,-0.2,14.4,7.6,5.6,1.8,0.4,0.2,1.4,1.0,2,3,0,1.4,1.4
2025-12-13,Liverpool,Brighton,2,0,H,1,0,H,18,14,4,1,0,0,1.67,4.0,4.75,1.2,1.6,0.6,0.2,1,1,-1,-1,0.2,-0.6,-0.4,1.0,18.0,14.0,4.2,4.6,0.0,0.0,1.4,1.2,2,3,0,1.4,1.6
2025-12-13,Burnley,Fulham,2,3,A,1,2,A,16,6,8,4,0,0,4.0,3.5,1.91,0.6,1.0,0.4,0.6,-1,0,1,0,-0.6,0.0,0.0,-1.2,7.6,10.0,2.8,4.0,0.0,0.0,1.2,2.2,0,0,3,0.8,0.6
2025-12-13,Arsenal,Wolves,2,1,H,0,0,D,16,3,2,2,0,0,1.13,8.5,21.0,2.0,0.2,1.0,0.0,0,1,0,-1,0.8,-0.4,0.8,-1.4,15.0,8.4,5.2,2.4,0.0,0.2,0.4,2.0,2,3,0,2.6,0.2
2025-12-14,Crystal Palace,Man City,0,3,A,0,1,A,16,7,4,6,0,0,3.9,3.9,1.85,1.6,1.6,0.6,1.0,-1,-2,1,2,0.2,0.6,0.2,-0.6,13.8,12.2,4.2,3.8,0.0,0.0,1.2,1.6,0,0,3,1.6,1.4
2025-12-14,Nott'm Forest,Tottenham,3,0,H,1,0,H,15,6,6,1,0,0,2.55,3.3,2.8,1.0,2.0,0.2,0.8,1,2,-1,-2,-0.6,-0.2,-0.2,0.4,16.8,7.6,4.0,2.8,0.0,0.0,1.8,1.8,2,3,0,0.8,1.6
2025-12-14,Sunderland,Newcastle,1,0,H,0,0,D,5,6,1,2,0,0,3.3,3.3,2.25,1.8,1.4,0.6,1.0,0,1,0,-1,0.0,0.4,0.6,-0.8,11.4,10.0,3.4,3.4,0.2,0.0,1.2,1.8,2,3,0,1.8,0.8
2025-12-14,West Ham,Aston Villa,2,3,A,2,1,H,10,7,3,4,0,0,3.75,3.5,2.0,1.4,1.8,0.6,0.6,1,-2,-1,2,-0.2,-0.4,-0.2,0.6,10.4,11.6,3.8,4.0,0.2,0.0,1.8,1.6,0,0,3,1.2,2.0
2025-12-14,Brentford,Leeds,1,1,D,0,0,D,7,18,2,4,0,0,1.91,3.6,4.0,2.4,1.2,0.8,0.8,0,0,0,0,0.0,-0.4,1.2,-0.8,12.4,9.8,5.6,3.4,0.0,0.0,1.2,2.4,1,1,1,2.4,0.6
2025-12-15,Man United,Bournemouth,4,4,D,2,1,H,25,14,9,9,0,0,1.83,4.0,3.8,1.8,1.6,1.2,1.2,1,-1,-1,1,1.0,0.0,-0.2,-1.4,16.2,11.8,5.8,5.0,0.2,0.2,1.0,3.0,1,1,1,2.0,0.4
2025-12-20,Leeds,Crystal Palace,4,1,H,2,0,H,20,9,8,3,0,0,2.6,3.3,2.75,2.0,1.2,1.2,0.6,2,1,-2,-1,1.0,0.2,-0.8,0.2,14.4,9.2,4.8,4.2,0.0,0.0,1.8,0.8,2,3,0,1.4,1.8
2025-12-20,Everton,Arsenal,0,1,A,0,1,A,5,13,1,2,0,0,5.75,4.1,1.57,1.6,1.4,0.6,0.4,-1,0,1,0,-0.6,0.0,0.6,0.4,12.2,13.6,4.2,6.6,0.0,0.0,1.6,1.0,0,0,3,1.8,1.6
2025-12-20,Tottenham,Liverpool,1,2,A,0,0,D,15,8,4,4,2,0,3.5,3.75,2.0,1.2,1.6,0.6,0.2,0,-1,0,1,-0.4,-0.8,0.2,0.2,10.2,12.4,3.4,4.0,0.0,0.0,1.4,2.2,0,0,3,0.8,0.8
2025-12-20,Wolves,Brentford,0,2,A,0,0,D,9,7,2,6,0,0,3.5,3.6,2.05,0.8,0.6,0.8,0.4,0,-2,0,2,0.2,-0.4,-1.6,-0.6,8.4,9.6,2.8,3.0,0.0,0.0,2.2,1.6,0,0,3,0.2,0.6
2025-12-20,Brighton,Sunderland,0,0,D,0,0,D,16,14,4,6,0,0,1.67,4.0,5.25,2.2,0.6,0.8,0.2,0,0,0,0,0.2,-0.8,0.6,-0.2,15.8,7.8,5.6,3.2,0.0,0.2,1.4,1.6,1,1,1,2.0,0.8
2025-12-20,Bournemouth,Burnley,1,1,D,0,0,D,16,4,1,1,0,0,1.48,4.33,6.5,1.4,1.6,0.4,0.6,0,0,0,0,0.0,-0.6,0.6,-0.2,14.0,9.4,5.6,4.2,0.0,0.2,0.8,2.4,1,1,1,1.6,0.6
2025-12-20,Newcastle,Chelsea,2,2,D,2,0,H,11,13,5,4,0,0,2.75,3.6,2.45,2.0,1.4,0.6,0.4,2,-2,-2,2,0.6,0.0,0.4,0.8,16.2,14.4,7.0,5.2,0.0,0.2,1.0,0.6,1,1,1,2.6,2.0
2025-12-20,Man City,West Ham,3,0,H,2,0,H,17,7,8,3,0,0,1.22,8.0,10.0,2.8,1.0,1.6,0.4,2,1,-2,-1,1.4,-0.2,0.8,-0.4,16.8,8.6,7.2,2.6,0.0,0.0,0.6,1.6,2,3,0,3.0,0.6
2025-12-21,Aston Villa,Man United,2,1,H,1,1,D,12,15,4,6,0,0,2.1,3.6,3.3,2.0,2.4,1.0,0.8,0,1,0,-1,1.0,0.4,0.6,0.6,14.2,15.2,6.0,5.8,0.0,0.0,0.4,1.4,2,3,0,3.0,2.2
2025-12-22,Fulham,Nott'm Forest,1,0,H,1,0,H,11,12,1,2,0,0,2.4,3.25,3.0,1.8,0.8,0.6,0.2,1,0,-1,0,-0.2,-0.6,0.4,0.0,15.2,9.0,4.4,4.2,0.0,0.0,1.6,1.4,2,3,0,1.2,1.2
2025-12-26,Man United,Newcastle,1,0,H,1,0,H,10,16,4,3,0,0,2.55,3.6,2.6,2.2,1.4,1.2,1.0,1,0,-1,0,0.8,0.4,-0.2,-1.0,19.0,10.4,6.8,3.6,0.0,0.0,1.6,2.0,2,3,0,1.6,0.6
2025-12-27,Brentford,Bournemouth,4,1,H,2,0,H,15,20,7,10,0,0,2.25,3.6,3.0,2.0,2.0,0.4,1.2,2,1,-2,-1,-0.2,-0.2,1.0,-1.2,11.8,12.2,4.4,5.8,0.0,0.2,1.2,3.4,2,3,0,2.0,0.4
2025-12-27,Nott'm Forest,Man City,1,2,A,0,0,D,7,16,2,5,0,0,5.0,4.33,1.6,1.6,2.0,0.4,1.0,0,-1,0,1,-0.2,0.6,0.2,0.0,15.4,12.6,4.0,4.4,0.0,0.0,1.6,1.4,0,0,3,1.4,1.8
2025-12-27,Arsenal,Brighton,2,1,H,1,0,H,24,8,6,3,0,0,1.42,4.75,7.0,2.2,1.0,1.0,0.2,1,0,-1,0,1.0,-0.6,0.8,0.2,15.8,14.4,5.0,4.2,0.0,0.0,0.4,1.4,2,3,0,3.0,1.0
2025-12-27,Burnley,Everton,0,0,D,0,0,D,16,15,0,6,0,0,4.1,3.4,1.95,0.8,0.6,0.4,0.4,0,0,0,0,-0.8,0.0,0.0,-0.4,8.4,8.0,3.4,1.8,0.0,0.2,1.6,1.0,1,1,1,0.6,1.4
2025-12-27,Liverpool,Wolves,2,1,H,2,0,H,14,9,4,4,0,0,1.25,6.5,10.0,1.2,0.2,0.4,0.0,2,-1,-2,1,0.0,-0.4,0.0,-1.6,19.4,7.2,4.4,2.2,0.0,0.2,1.2,2.2,2,3,0,1.4,0.0
2025-12-27,West Ham,Fulham,0,1,A,0,0,D,11,15,2,4,0,0,2.63,3.4,2.6,1.6,1.4,1.0,0.8,0,-1,0,1,0.2,0.2,-0.6,-0.8,10.8,9.0,3.8,4.0,0.2,0.0,2.0,2.0,0,0,3,1.2,1.2
2025-12-27,Chelsea,Aston Villa,1,2,A,1,0,H,14,11,3,8,0,0,1.83,3.9,4.0,1.8,2.2,0.8,0.8,1,-2,-1,2,0.6,-0.6,0.4,1.0,15.2,10.6,6.0,4.4,0.2,0.0,0.8,1.8,0,0,3,2.0,2.4
2025-12-28,Sunderland,Leeds,1,1,D,1,0,H,8,17,3,6,0,0,2.5,3.1,2.88,1.8,0.8,0.6,0.2,1,-1,-1,1,0.0,-0.8,0.8,-0.8,9.6,12.2,2.8,3.4,0.0,0.0,1.0,2.4,1,1,1,2.2,0.2
2025-12-28,Crystal Palace,Tottenham,0,1,A,0,1,A,15,8,2,4,0,0,2.25,3.25,3.2,1.2,1.6,0.4,0.6,-1,0,1,0,-0.2,-0.2,-0.2,-0.2,13.8,6.6,3.6,2.4,0.0,0.0,1.6,2.0,0,0,3,1.0,1.4
2025-12-30,Arsenal,Aston Villa,4,1,H,0,0,D,22,11,7,3,0,0,1.42,4.75,7.0,2.2,2.2,1.0,0.6,0,3,0,-3,1.0,-0.8,0.6,1.2,16.4,11.2,5.2,5.6,0.0,0.0,0.6,1.8,2,3,0,3.0,2.4
2025-12-30,Man United,Wolves,1,1,D,1,1,D,15,11,6,4,0,0,1.36,5.25,8.0,2.0,0.4,1.0,0.0,0,0,0,0,0.6,-0.6,-0.2,-1.2,18.0,5.8,6.4,2.4,0.0,0.2,1.6,2.2,1,1,1,1.6,0.0
2025-12-30,West Ham,Brighton,2,2,D,2,1,H,10,16,4,6,0,0,3.4,3.75,2.0,1.6,1.0,1.0,0.2,1,-1,-1,1,0.4,-0.6,-0.6,0.0,11.6,12.6,4.0,3.6,0.2,0.0,1.8,1.6,1,1,1,1.2,0.8
2025-12-30,Nott'm Forest,Everton,0,2,A,0,1,A,21,11,6,3,0,0,2.1,3.25,3.7,1.8,0.6,0.4,0.4,-1,-1,1,1,-0.2,0.0,0.6,0.0,14.4,10.0,4.0,2.8,0.0,0.2,1.4,0.6,0,0,3,1.4,1.6
2025-12-30,Chelsea,Bournemouth,2,2,D,2,2,D,17,17,3,6,0,0,1.5,4.75,5.75,1.6,1.6,0.8,0.8,0,0,0,0,0.6,-1.0,0.0,-1.0,15.6,14.6,5.4,6.8,0.2,0.2,1.0,3.6,1,1,1,1.4,0.2
2025-12-30,Burnley,Newcastle,1,3,A,1,2,A,15,20,4,9,0,0,5.25,4.2,1.6,0.4,1.2,0.2,1.0,-1,-1,1,1,-1.0,0.4,-0.2,-1.0,10.8,10.4,2.8,3.6,0.0,0.0,1.6,1.8,0,0,3,0.2,0.6
2026-01-01,Crystal Palace,Fulham,1,1,D,1,0,H,11,17,2,5,0,0,2.15,3.3,3.4,0.6,1.4,0.4,0.8,1,-1,-1,1,0.0,0.2,-0.6,-0.2,12.8,9.6,2.6,4.0,0.0,0.0,1.2,1.4,1,1,1,0.8,1.8
2026-01-01,Liverpool,Leeds,0,0,D,0,0,D,19,4,4,2,0,0,1.55,4.5,5.5,1.4,1.0,0.8,0.2,0,0,0,0,0.6,-0.8,-0.2,-0.4,18.4,11.8,4.0,3.8,0.0,0.0,1.0,2.2,1,1,1,2.0,0.4
2026-01-01,Brentford,Tottenham,0,0,D,0,0,D,7,9,2,3,0,0,2.1,3.6,3.2,2.8,1.4,0.8,0.6,0,0,0,0,0.4,0.0,1.2,-0.4,13.6,6.4,5.6,2.6,0.0,0.0,1.2,1.8,1,1,1,2.6,1.4
2026-01-01,Sunderland,Man City,0,0,D,0,0,D,10,14,4,4,0,0,7.5,4.75,1.38,1.6,2.2,0.6,0.8,0,0,0,0,0.0,0.4,0.4,0.2,9.6,13.8,3.0,4.6,0.0,0.0,1.2,1.6,1,1,1,1.8,1.8
2026-01-03,Aston Villa,Nott'm Forest,3,1,H,1,0,H,11,10,4,5,0,0,1.75,3.9,4.5,2.0,0.8,1.0,0.2,1,1,-1,-1,0.8,-0.8,0.8,0.4,13.6,10.4,5.4,3.8,0.0,0.0,0.4,1.2,2,3,0,3.0,1.2
2026-01-03,Brighton,Burnley,2,0,H,1,0,H,15,5,4,3,0,0,1.48,4.33,7.0,1.8,1.6,0.6,0.6,1,1,-1,-1,0.0,-0.4,0.6,-0.2,16.4,9.2,5.4,4.0,0.0,0.2,1.2,2.2,2,3,0,1.6,0.8
2026-01-03,Wolves,West Ham,3,0,H,3,0,H,11,6,8,0,0,0,2.5,3.3,2.88,0.6,1.0,0.6,0.4,3,0,-3,0,0.0,-0.4,-1.8,-0.4,9.0,9.2,2.6,3.2,0.0,0.0,2.4,1.8,2,3,0,0.0,0.6
2026-01-03,Bournemouth,Arsenal,2,3,A,1,1,D,15,12,3,5,0,0,6.5,4.75,1.44,1.0,1.4,0.4,0.6,0,-1,0,1,0.0,0.2,0.2,0.2,15.0,13.0,4.6,6.0,0.0,0.0,0.8,1.0,0,0,3,1.2,1.6
2026-01-04,Leeds,Man United,1,1,D,0,0,D,11,15,3,2,0,0,2.7,3.3,2.63,2.6,2.2,1.4,0.8,0,0,0,0,1.4,0.2,-0.4,0.4,15.2,15.8,5.6,6.2,0.0,0.0,1.6,1.6,1,1,1,2.0,1.6
2026-01-04,Everton,Brentford,2,4,A,0,1,A,14,11,6,7,0,0,2.35,3.25,3.1,1.2,0.6,0.6,0.2,-1,-1,1,1,-0.6,-0.6,0.2,-0.4,10.4,6.6,3.0,2.8,0.0,0.0,1.6,1.6,0,0,3,1.2,0.6
2026-01-04,Newcastle,Crystal Palace,2,0,H,0,0,D,12,11,7,1,0,0,1.7,3.9,4.75,2.0,1.2,1.0,0.4,0,2,0,-2,1.0,-0.4,-0.4,0.4,14.8,8.0,6.2,3.2,0.0,0.0,1.4,1.2,2,3,0,2.2,1.8
2026-01-04,Tottenham,Sunderland,1,1,D,1,0,H,13,10,5,3,0,0,1.8,3.6,4.5,1.2,0.6,0.4,0.2,1,-1,-1,1,-0.4,-0.4,0.2,-0.2,11.4,9.0,3.6,3.8,0.4,0.2,1.4,1.2,1,1,1,0.8,1.0
2026-01-04,Fulham,Liverpool,2,2,D,1,0,H,8,10,2,2,0,0,3.8,3.75,1.91,2.0,1.8,0.8,0.2,1,-1,-1,1,0.0,-0.6,0.6,0.4,15.6,11.6,4.6,4.4,0.0,0.0,1.4,2.0,1,1,1,1.8,1.4
2026-01-04,Man City,Chelsea,1,1,D,1,0,H,14,8,3,3,0,0,1.6,4.75,4.5,3.0,1.2,2.0,0.4,1,-1,-1,1,1.8,-0.4,0.6,0.6,16.4,13.6,7.4,4.8,0.0,0.0,0.6,1.0,1,1,1,3.0,1.6
2026-01-06,West Ham,Nott'm Forest,1,2,A,1,0,H,14,13,3,5,0,0,2.88,3.25,2.2,1.4,1.0,1.0,0.2,1,-2,-1,2,0.4,-0.6,-1.0,0.2,10.6,10.8,3.0,4.0,0.2,0.0,2.0,1.4,0,0,3,0.8,1.2
2026-01-07,Bournemouth,Tottenham,3,2,H,2,1,H,11,16,3,4,0,0,2.1,3.6,3.3,1.0,0.8,0.2,0.2,1,0,-1,0,-0.4,-0.4,0.0,-0.6,15.4,6.8,4.2,2.4,0.0,0.0,1.4,1.8,2,3,0,0.6,1.0
2026-01-07,Brentford,Sunderland,3,0,H,1,0,H,18,11,6,3,0,0,1.85,3.5,4.33,2.2,0.4,0.4,0.0,1,2,-1,-2,0.2,-0.6,1.2,-0.2,11.6,9.0,4.4,3.6,0.0,0.2,0.8,1.2,2,3,0,2.2,0.6
2026-01-07,Crystal Palace,Aston Villa,0,0,D,0,0,D,11,15,5,3,0,0,3.1,3.3,2.3,0.4,2.4,0.4,0.6,0,0,0,0,0.0,-0.6,-1.0,0.8,13.2,11.4,2.6,5.6,0.0,0.0,1.4,2.2,1,1,1,0.4,2.4
2026-01-07,Everton,Wolves,1,1,D,1,0,H,13,13,2,4,2,0,1.75,3.5,5.0,1.6,0.6,0.6,0.2,1,-1,-1,1,-0.4,-0.4,0.2,-0.8,10.8,7.0,3.8,2.8,0.0,0.0,1.8,1.8,1,1,1,1.2,0.2
2026-01-07,Fulham,Chelsea,2,1,H,0,0,D,16,14,5,6,0,1,3.4,3.6,2.05,1.8,1.2,0.8,0.2,0,1,0,-1,0.0,-0.8,0.0,0.8,13.4,12.2,3.8,3.6,0.0,0.0,1.8,1.2,2,3,0,1.4,1.2
2026-01-07,Man City,Brighton,1,1,D,1,0,H,22,6,6,3,0,0,1.4,5.25,6.5,2.6,1.0,1.8,0.4,1,-1,-1,1,1.8,-0.4,0.2,0.2,16.2,12.4,6.4,3.8,0.0,0.0,0.6,1.2,1,1,1,2.6,1.0
2026-01-07,Burnley,Man United,2,2,D,1,0,H,7,30,1,10,0,0,4.75,4.0,1.7,0.6,2.0,0.4,0.6,1,-1,-1,1,-0.8,0.0,-0.4,0.6,13.2,15.2,3.6,5.2,0.0,0.0,1.8,1.4,1,1,1,0.2,1.6
2026-01-07,Newcastle,Leeds,4,3,H,1,2,A,18,14,8,6,0,0,1.67,3.8,5.0,2.0,1.0,0.8,0.2,-1,2,1,-2,0.8,-0.6,0.0,0.0,13.6,11.6,6.2,3.8,0.0,0.0,1.2,1.6,2,3,0,2.2,0.6
2026-01-08,Arsenal,Liverpool,0,0,D,0,0,D,9,8,4,0,0,0,1.6,4.1,5.0,2.8,1.8,0.8,0.0,0,0,0,0,0.8,-0.6,1.2,0.6,18.8,10.0,6.0,3.8,0.0,0.0,0.8,1.8,1,1,1,3.0,1.6
2026-01-17,Man United,Man City,2,0,H,0,0,D,11,7,7,1,0,0,3.7,3.8,1.91,1.4,2.2,0.8,0.8,0,2,0,-2,0.2,0.6,-0.2,0.2,18.4,13.0,5.8,4.6,0.0,0.0,1.4,1.4,2,3,0,1.2,2.0
2026-01-17,Chelsea,Brentford,2,0,H,1,0,H,6,15,2,5,0,0,1.73,4.0,4.75,1.8,1.4,1.0,0.4,1,1,-1,-1,0.6,-0.2,0.2,0.0,15.8,7.6,4.6,3.8,0.2,0.0,1.0,1.6,2,3,0,1.6,1.2
2026-01-17,Leeds,Fulham,1,0,H,0,0,D,14,8,5,1,0,0,2.15,3.3,3.5,2.4,1.4,1.0,0.8,0,1,0,-1,1.0,0.2,-0.2,0.0,14.8,10.6,5.2,4.0,0.0,0.0,1.6,1.2,2,3,0,1.6,2.0
2026-01-17,Liverpool,Burnley,1,1,D,1,0,H,32,7,11,1,0,0,1.22,6.5,11.0,1.0,1.0,0.6,0.2,1,-1,-1,1,0.4,-0.6,-0.4,-0.6,19.0,8.0,4.0,3.2,0.0,0.2,1.0,2.2,1,1,1,1.6,0.2
2026-01-17,Sunderland,Crystal Palace,2,1,H,1,1,D,13,6,7,2,0,0,2.75,3.1,2.75,1.4,1.2,0.6,0.4,0,1,0,-1,0.2,-0.2,0.2,0.0,8.2,8.8,3.2,3.2,0.0,0.0,1.0,1.4,2,3,0,1.8,1.8
2026-01-17,Tottenham,West Ham,1,2,A,0,1,A,21,17,6,4,0,0,1.73,4.0,4.5,1.4,0.8,0.6,0.4,-1,0,1,0,0.0,-0.6,0.0,-0.6,13.4,8.6,4.4,2.6,0.4,0.0,1.4,2.0,0,0,3,1.0,0.6
2026-01-17,Nott'm Forest,Arsenal,0,0,D,0,0,D,6,15,0,3,0,0,6.0,4.33,1.53,1.4,1.6,0.4,0.4,0,0,0,0,-0.2,-0.2,0.2,0.4,15.2,13.0,4.6,5.4,0.0,0.0,1.4,1.4,1,1,1,1.2,1.6
2026-01-18,Aston Villa,Everton,0,1,A,0,0,D,18,9,5,3,0,0,1.67,3.9,5.25,2.4,0.8,1.0,0.4,0,-1,0,1,0.8,0.0,1.0,0.4,14.0,10.6,5.6,3.0,0.0,0.2,0.6,0.4,0,0,3,3.0,2.0
2026-01-18,Wolves,Newcastle,0,0,D,0,0,D,6,12,2,2,0,0,4.75,4.0,1.7,0.8,1.6,0.8,1.2,0,0,0,0,0.6,0.8,-1.6,-0.6,8.2,12.0,2.8,4.6,0.0,0.0,1.8,1.4,1,1,1,0.6,1.2
2026-01-19,Brighton,Bournemouth,1,1,D,0,1,A,17,11,5,2,0,0,1.85,3.9,3.8,1.6,1.8,0.6,1.0,-1,1,1,-1,0.0,-0.8,0.4,-0.8,16.6,16.4,4.8,7.0,0.0,0.2,1.2,3.4,1,1,1,1.6,0.4
2026-01-24,West Ham,Sunderland,3,1,H,3,0,H,13,7,5,2,0,0,2.5,3.2,2.88,1.0,0.4,1.0,0.0,3,-1,-3,1,0.6,-0.8,-1.6,-0.4,10.4,10.4,2.4,3.8,0.2,0.2,2.0,1.6,2,3,0,0.2,0.6
2026-01-24,Burnley,Tottenham,2,2,D,1,1,D,9,18,4,11,0,0,3.7,3.5,2.05,1.0,1.0,0.6,0.4,0,0,0,0,-0.4,-0.2,-0.4,-0.4,13.0,9.4,3.4,2.8,0.0,0.0,1.8,1.6,1,1,1,0.4,1.0
2026-01-24,Fulham,Brighton,2,1,H,0,1,A,12,13,4,5,0,0,2.6,3.4,2.7,2.0,1.2,0.8,0.4,-1,2,1,-2,0.0,-0.6,0.0,0.4,11.8,12.2,3.6,3.8,0.0,0.0,2.0,1.4,2,3,0,1.4,1.0
2026-01-24,Man City,Wolves,2,0,H,2,0,H,11,11,4,1,0,0,1.2,7.0,11.0,2.2,0.8,1.6,0.2,2,0,-2,0,1.6,-0.6,-0.2,0.0,17.8,9.0,6.4,3.6,0.0,0.0,0.8,1.4,2,3,0,2.2,0.4
2026-01-24,Bournemouth,Liverpool,3,2,H,2,1,H,12,14,5,4,0,0,3.75,3.8,1.9,1.2,1.8,0.6,0.0,1,0,-1,0,0.2,-0.2,-0.4,0.8,12.0,10.2,2.8,3.6,0.0,0.0,1.4,1.2,2,3,0,1.0,1.8
2026-01-25,Arsenal,Man United,2,3,A,1,1,D,15,10,4,3,0,0,1.55,4.2,6.0,2.0,2.0,0.4,0.4,0,-1,0,1,0.4,-0.4,1.0,1.0,17.2,20.2,5.2,6.8,0.0,0.0,0.6,1.4,0,0,3,2.6,1.6
2026-01-25,Newcastle,Aston Villa,0,2,A,0,1,A,15,14,4,8,0,0,1.95,3.7,3.7,2.4,2.0,1.0,0.6,-1,-1,1,1,0.6,-0.4,0.2,0.4,15.4,11.6,6.8,5.6,0.0,0.0,1.6,2.0,0,0,3,2.2,2.0
2026-01-25,Brentford,Nott'm Forest,0,2,A,0,1,A,10,7,1,2,0,0,1.91,3.5,4.1,2.2,0.8,0.6,0.0,-1,-1,1,1,0.6,-1.0,1.0,0.2,12.2,10.4,4.2,3.6,0.0,0.0,0.6,1.6,0,0,3,2.2,1.2
2026-01-25,Crystal Palace,Chelsea,1,3,A,0,1,A,13,10,7,6,1,0,3.5,3.8,2.0,0.4,1.0,0.4,0.0,-1,-1,1,1,0.0,-1.0,-1.0,0.4,13.4,12.0,3.2,3.8,0.0,0.2,1.4,1.6,0,0,3,0.4,0.6
2026-01-26,Everton,Leeds,1,1,D,0,1,A,10,14,3,4,0,0,2.5,3.25,2.9,1.4,1.4,0.6,0.4,-1,1,1,-1,-0.4,-0.4,-0.2,0.0,10.6,12.4,3.2,4.4,0.4,0.0,2.0,1.8,1,1,1,0.8,0.6
2026-01-31,Liverpool,Newcastle,4,1,H,2,1,H,17,8,7,2,0,0,1.8,3.9,4.1,1.2,1.4,0.8,1.0,1,2,-1,-2,0.8,0.6,-0.2,0.0,21.2,13.4,5.4,4.8,0.0,0.0,0.6,0.8,2,3,0,1.8,1.4
2026-01-31,Brighton,Everton,1,1,D,0,0,D,11,7,2,4,0,0,1.85,3.6,4.1,1.4,0.8,0.6,0.2,0,0,0,0,0.0,-0.2,0.2,0.6,17.2,11.8,4.8,3.4,0.0,0.0,1.2,0.4,1,1,1,1.2,2.0
2026-01-31,Leeds,Arsenal,0,4,A,0,2,A,3,14,1,8,0,0,5.75,4.2,1.55,2.4,1.2,0.8,0.4,-2,-2,2,2,0.8,0.0,0.4,0.2,14.8,12.6,5.2,4.6,0.0,0.0,1.2,1.0,0,0,3,2.2,1.6
2026-01-31,Wolves,Bournemouth,0,2,A,0,1,A,17,9,7,4,0,0,2.9,3.5,2.3,0.8,2.0,0.8,1.2,-1,-1,1,1,0.6,-0.2,-1.2,-0.6,7.8,16.0,3.0,6.6,0.0,0.2,1.4,2.8,0,0,3,0.8,0.6
2026-01-31,Chelsea,West Ham,3,2,H,0,2,A,14,11,6,6,0,1,1.5,4.5,6.0,1.6,0.8,1.2,0.2,-2,3,2,-3,0.8,-0.8,-0.2,-0.2,13.0,11.0,3.4,3.0,0.2,0.0,1.0,1.8,2,3,0,1.6,1.0
2026-02-01,Tottenham,Man City,2,2,D,0,2,A,12,15,6,3,0,0,4.5,4.1,1.73,1.2,2.0,0.6,0.8,-2,2,2,-2,0.0,0.6,-0.2,0.0,15.6,11.0,4.8,4.0,0.4,0.0,1.4,1.4,1,1,1,0.8,2.0
2026-02-01,Nott'm Forest,Crystal Palace,1,1,D,1,1,D,9,14,1,3,0,0,1.95,3.5,3.9,0.8,1.0,0.2,0.6,0,0,0,0,-0.2,-0.2,-0.2,-0.6,13.6,8.0,3.4,2.8,0.0,0.0,1.2,1.8,1,1,1,0.8,1.2
2026-02-01,Aston Villa,Brentford,0,1,A,0,1,A,27,6,5,2,0,0,2.1,3.5,3.4,1.6,1.2,0.6,0.2,-1,0,1,0,0.4,-0.6,0.4,0.2,14.4,8.6,5.0,4.0,0.0,0.0,0.8,1.6,0,0,3,2.4,1.2
2026-02-01,Man United,Fulham,3,2,H,1,0,H,13,14,6,6,0,0,1.57,4.5,5.0,1.8,1.4,0.8,0.8,1,0,-1,0,0.4,0.4,0.2,0.0,15.6,10.6,6.0,3.4,0.0,0.0,1.2,1.0,2,3,0,1.8,2.0
2026-02-02,Sunderland,Burnley,3,0,H,2,0,H,14,5,5,0,0,0,1.8,3.5,4.75,1.4,0.8,0.6,0.0,2,1,-2,-1,0.0,-0.8,0.6,-0.2,9.6,6.2,4.2,2.0,0.0,0.2,0.8,1.8,2,3,0,2.2,0.4
2026-02-06,Leeds,Nott'm Forest,3,1,H,2,0,H,14,16,5,6,0,0,2.2,3.3,3.4,1.8,1.0,0.4,0.2,2,0,-2,0,0.0,-0.8,0.0,0.2,12.0,9.8,4.4,3.4,0.0,0.0,1.8,1.6,2,3,0,1.6,1.2
2026-02-07,Wolves,Chelsea,1,3,A,0,3,A,11,15,3,6,0,0,5.0,4.0,1.67,0.8,1.4,0.8,0.2,-3,1,3,-1,0.4,-0.4,-1.2,0.6,10.2,11.2,4.2,4.6,0.0,0.2,1.6,1.2,0,0,3,0.8,1.2
2026-02-07,Newcastle,Brentford,2,3,A,1,2,A,16,11,4,5,0,0,2.1,3.5,3.5,2.0,1.4,1.0,0.4,-1,0,1,0,0.4,-0.2,0.0,0.4,14.6,8.6,6.2,4.2,0.0,0.0,1.6,1.2,0,0,3,2.0,1.8
2026-02-07,Burnley,West Ham,0,2,A,0,2,A,18,6,5,4,0,0,3.3,3.5,2.15,1.4,1.0,0.8,0.6,-2,0,2,0,-0.2,-0.4,-0.4,-0.8,12.6,11.0,3.4,3.6,0.0,0.2,2.0,2.2,0,0,3,0.6,0.8
2026-02-07,Fulham,Everton,1,2,A,1,0,H,13,16,3,3,0,0,2.1,3.25,3.75,1.6,0.8,0.6,0.2,1,-2,-1,2,0.2,-0.2,0.2,0.4,11.8,10.6,3.2,3.6,0.0,0.0,1.2,0.6,0,0,3,2.0,1.6
2026-02-07,Arsenal,Sunderland,3,0,H,1,0,H,16,5,5,3,0,0,1.22,6.25,12.0,2.0,0.4,0.4,0.0,1,2,-1,-2,0.2,-1.4,0.6,-0.2,17.2,10.0,4.6,3.0,0.0,0.2,1.2,2.0,2,3,0,2.0,0.4
2026-02-07,Man United,Tottenham,2,0,H,1,0,H,23,7,10,1,0,1,1.57,4.5,5.0,2.2,1.0,1.0,0.6,1,1,-1,-1,0.6,-0.2,0.2,-0.4,14.8,11.4,6.4,4.6,0.0,0.0,1.4,1.6,2,3,0,2.2,1.0
2026-02-07,Bournemouth,Aston Villa,1,1,D,0,1,A,20,7,9,4,0,0,2.7,3.5,2.5,1.8,1.6,1.0,0.4,-1,1,1,-1,0.4,-0.2,-0.2,0.4,13.4,11.6,3.4,5.2,0.0,0.0,1.6,1.4,1,1,1,1.6,2.0
2026-02-08,Brighton,Crystal Palace,0,1,A,0,0,D,7,7,2,4,0,0,1.95,3.5,3.9,1.0,1.0,0.2,0.6,0,-1,0,1,0.0,-0.4,0.4,-0.6,16.2,10.2,3.8,2.8,0.0,0.0,0.6,2.0,0,0,3,1.4,0.8
2026-02-08,Liverpool,Man City,1,2,A,0,0,D,15,17,4,7,1,0,2.38,3.7,2.75,1.8,1.4,1.2,0.6,0,-1,0,1,1.0,0.6,0.2,-0.2,20.0,11.8,6.0,3.8,0.0,0.0,0.6,1.0,0,0,3,2.2,1.6
2026-02-10,Tottenham,Newcastle,1,2,A,0,1,A,16,21,2,5,0,0,3.2,3.6,2.2,1.4,0.8,0.6,0.6,-1,0,1,0,0.0,-0.2,0.0,-0.4,15.2,12.4,5.6,3.6,0.4,0.0,1.4,1.4,0,0,3,1.0,0.8
2026-02-10,Chelsea,Leeds,2,2,D,1,0,H,19,4,4,2,0,0,1.55,4.33,5.5,2.0,1.2,1.2,0.6,1,-1,-1,1,0.4,0.2,0.4,-0.4,13.6,13.4,3.8,4.4,0.0,0.0,1.2,1.4,1,1,1,2.0,0.8
2026-02-10,Everton,Bournemouth,1,2,A,1,0,H,16,11,6,4,1,0,2.38,3.4,3.0,1.4,2.0,0.6,1.0,1,-2,-1,2,0.0,-0.2,0.0,0.0,10.6,14.2,3.4,6.2,0.4,0.0,1.4,2.2,0,0,3,1.0,1.2
2026-02-10,West Ham,Man United,1,1,D,0,0,D,7,9,3,3,0,0,4.5,4.2,1.7,1.6,2.2,1.6,0.6,0,0,0,0,1.2,-0.2,-1.4,0.8,11.6,19.4,3.4,6.2,0.0,0.0,1.8,1.6,1,1,1,0.8,1.6
2026-02-11,Sunderland,Liverpool,0,1,A,0,0,D,11,23,2,3,0,0,4.75,3.8,1.73,1.4,1.8,0.8,0.2,0,-1,0,1,0.6,-0.4,0.4,0.4,10.0,11.2,4.0,3.4,0.0,0.0,0.4,1.8,0,0,3,2.2,1.2
2026-02-11,Nott'm Forest,Wolves,0,0,D,0,0,D,35,7,10,3,0,0,1.7,3.8,5.0,1.0,0.8,0.4,0.2,0,0,0,0,0.0,-1.0,0.0,0.2,11.6,9.4,3.0,3.0,0.0,0.0,1.0,1.6,1,1,1,1.0,0.4
2026-02-11,Aston Villa,Brighton,1,0,H,0,0,D,15,9,1,3,0,0,1.91,3.7,3.8,1.4,1.0,0.6,0.4,0,1,0,-1,0.2,-0.6,0.2,-0.2,16.6,11.4,4.8,3.6,0.0,0.0,1.0,1.8,2,3,0,1.8,0.4
2026-02-11,Crystal Palace,Burnley,2,3,A,2,3,A,21,8,3,3,0,0,1.57,4.0,6.25,0.4,0.6,0.2,0.0,-1,0,1,0,-0.4,-1.2,-0.8,0.0,13.2,6.0,4.0,1.6,0.2,0.2,1.6,1.8,0,0,3,0.4,0.4
2026-02-11,Man City,Fulham,3,0,H,3,0,H,13,14,5,3,0,0,1.36,5.5,7.0,2.0,1.4,1.6,0.4,3,0,-3,0,1.6,-0.2,0.0,0.2,16.4,12.0,5.4,4.0,0.0,0.0,0.4,1.4,2,3,0,2.2,1.4
2026-02-12,Brentford,Arsenal,1,1,D,0,0,D,12,7,3,2,0,0,4.75,3.9,1.7,1.6,1.8,0.6,0.8,0,0,0,0,0.4,0.4,0.4,0.6,11.4,13.8,3.6,5.4,0.0,0.0,0.8,0.8,1,1,1,1.6,2.0
2026-02-18,Wolves,Arsenal,2,2,D,0,1,A,5,10,2,4,0,0,11.0,5.25,1.29,0.8,1.8,0.6,0.8,-1,1,1,-1,-0.2,0.6,-0.4,0.6,10.8,12.2,4.4,4.0,0.0,0.0,1.4,0.6,1,1,1,0.8,2.2
2026-02-21,Aston Villa,Leeds,1,1,D,0,1,A,16,14,4,4,0,0,1.85,3.6,4.33,1.2,1.4,0.4,0.6,-1,1,1,-1,0.0,0.0,0.4,-0.2,16.6,10.6,3.8,4.0,0.0,0.0,0.8,1.6,1,1,1,1.8,0.8
2026-02-21,Brentford,Brighton,0,2,A,0,2,A,13,11,3,7,0,0,2.0,3.7,3.5,1.6,1.0,0.6,0.4,-2,0,2,0,0.4,-0.4,0.4,-0.2,12.4,10.4,3.8,4.0,0.0,0.0,0.8,1.6,0,0,3,1.6,0.4
2026-02-21,Chelsea,Burnley,1,1,D,1,0,H,12,12,2,4,1,0,1.22,6.5,12.0,2.0,1.0,1.0,0.6,1,-1,-1,1,0.2,-0.6,0.2,-0.2,14.0,5.8,3.6,1.6,0.0,0.0,1.6,1.8,1,1,1,1.6,1.0
2026-02-21,West Ham,Bournemouth,0,0,D,0,0,D,20,10,3,5,0,0,2.5,3.7,2.63,1.4,1.6,1.2,0.8,0,0,0,0,1.0,-0.2,-1.0,0.2,11.0,13.6,3.4,5.2,0.0,0.0,1.4,1.6,1,1,1,1.0,1.6
2026-02-21,Man City,Newcastle,2,1,H,2,1,H,15,13,7,7,0,0,1.45,5.0,5.5,2.0,1.2,1.8,0.8,1,0,-1,0,1.8,0.0,-0.2,-0.2,15.4,15.4,5.2,4.2,0.0,0.0,0.4,1.4,2,3,0,2.2,1.4
2026-02-22,Crystal Palace,Wolves,1,0,H,0,0,D,14,12,3,7,0,1,1.65,4.0,5.0,0.8,0.6,0.6,0.2,0,1,0,-1,-0.4,-1.0,-0.4,0.4,14.2,10.2,3.8,3.2,0.2,0.0,1.6,1.2,2,3,0,0.4,0.6
2026-02-22,Nott'm Forest,Liverpool,0,1,A,0,0,D,18,10,2,4,0,0,4.1,3.9,1.8,0.4,1.4,0.2,0.2,0,-1,0,1,-0.2,-0.4,-0.4,0.6,15.6,12.6,3.8,2.6,0.0,0.0,1.0,1.2,0,0,3,0.6,1.6
2026-02-22,Sunderland,Fulham,1,3,A,0,0,D,12,12,2,4,0,0,2.7,3.25,2.7,1.2,0.8,0.8,0.0,0,-2,0,2,0.6,-1.0,0.0,0.2,11.2,13.6,4.2,3.8,0.0,0.0,0.6,1.6,0,0,3,1.6,0.8
2026-02-22,Tottenham,Arsenal,1,4,A,1,1,D,6,20,5,7,0,0,6.0,4.0,1.57,1.2,2.0,0.2,0.8,0,-3,0,3,-0.6,0.6,0.0,0.4,15.4,11.6,4.6,4.4,0.4,0.0,1.8,1.0,0,0,3,0.4,1.8
2026-02-23,Everton,Man United,0,1,A,0,0,D,12,11,4,3,0,0,3.7,3.75,1.91,1.0,1.6,0.4,0.4,0,-1,0,1,-0.2,-0.2,-0.6,0.2,11.6,15.8,3.6,4.8,0.6,0.0,1.8,1.6,0,0,3,0.4,1.2
2026-02-27,Wolves,Aston Villa,2,0,H,0,0,D,9,14,2,5,0,0,4.1,3.7,1.85,1.2,1.2,0.6,0.4,0,2,0,-2,-0.4,0.2,0.2,-0.2,10.0,11.6,4.4,5.2,0.0,0.0,1.4,1.2,2,3,0,1.0,1.6
2026-02-28,Newcastle,Everton,2,3,A,1,2,A,17,9,7,5,0,0,1.7,4.0,4.75,2.0,1.2,0.8,0.2,-1,0,1,0,-0.2,0.0,0.2,0.8,14.4,11.6,5.6,3.8,0.0,0.0,2.0,0.4,0,0,3,1.4,2.2
2026-02-28,Leeds,Man City,0,1,A,0,1,A,14,14,2,5,0,0,4.75,4.33,1.62,1.8,1.2,0.8,0.4,-1,0,1,0,0.4,0.4,0.0,-0.4,12.4,13.8,4.4,4.0,0.0,0.0,1.4,1.2,0,0,3,2.0,1.6
2026-02-28,Burnley,Brentford,3,4,A,1,3,A,12,16,3,7,0,0,4.5,3.9,1.73,1.0,2.0,0.6,0.8,-2,1,2,-1,-0.4,0.4,-0.4,0.4,13.0,10.0,2.8,5.0,0.0,0.0,1.8,1.2,0,0,3,0.6,2.4
2026-02-28,Bournemouth,Sunderland,1,1,D,0,1,A,21,8,5,4,0,0,1.8,3.75,4.33,2.0,0.4,1.0,0.0,-1,1,1,-1,0.2,-1.2,0.0,-0.4,14.8,9.4,4.2,3.4,0.0,0.0,1.8,2.0,1,1,1,1.6,0.4
2026-02-28,Liverpool,West Ham,5,2,H,3,0,H,18,11,7,4,0,0,1.42,4.75,6.5,1.6,1.2,1.0,1.0,3,0,-3,0,0.8,0.0,-0.2,-0.8,19.4,9.4,6.0,3.4,0.2,0.2,1.0,2.0,2,3,0,1.6,1.2
2026-03-01,Brighton,Nott'm Forest,2,1,H,2,1,H,14,13,7,4,0,0,2.0,3.6,3.5,0.8,1.2,0.2,0.2,1,0,-1,0,0.0,-0.8,0.2,0.4,13.2,11.6,3.4,4.0,0.0,0.0,0.6,1.6,2,3,0,1.2,1.2
2026-03-01,Fulham,Tottenham,2,1,H,2,0,H,18,13,4,1,0,0,2.1,3.6,3.3,1.6,1.0,0.6,0.6,2,-1,-2,1,0.4,-0.2,0.0,-0.2,12.0,11.6,3.0,4.6,0.0,0.2,1.2,1.4,2,3,0,2.0,1.0
2026-03-01,Man United,Crystal Palace,2,1,H,0,1,A,20,8,11,3,0,1,1.53,4.5,5.5,1.8,0.8,0.8,0.4,-1,2,1,-2,0.6,-0.4,0.6,-0.6,14.4,9.4,6.6,2.6,0.0,0.0,0.6,1.8,2,3,0,2.6,0.8
2026-03-01,Arsenal,Chelsea,2,1,H,1,1,D,12,9,5,3,0,1,1.6,3.8,5.5,2.2,2.0,0.6,0.8,0,1,0,-1,0.4,0.2,0.8,0.4,17.2,12.0,5.2,5.0,0.0,0.2,1.0,1.4,2,3,0,2.0,1.6
2026-03-03,Bournemouth,Brentford,0,0,D,0,0,D,13,5,2,2,0,0,2.5,3.6,2.63,2.0,2.4,1.0,1.4,0,0,0,0,0.0,0.8,0.2,-0.2,15.8,11.8,5.0,5.2,0.0,0.0,1.8,1.8,1,1,1,1.6,2.4
2026-03-03,Everton,Burnley,2,0,H,1,0,H,14,5,5,2,0,0,1.57,4.0,6.0,1.0,1.0,0.4,0.6,1,1,-1,-1,0.0,-0.8,-0.8,0.0,13.0,7.4,4.2,2.2,0.6,0.0,1.8,1.8,2,3,0,0.4,1.0
2026-03-03,Leeds,Sunderland,0,1,A,0,0,D,18,3,4,1,0,0,1.85,3.4,4.33,1.0,0.6,0.4,0.2,0,-1,0,1,-0.2,-1.0,-0.2,-0.6,11.2,8.2,3.2,3.0,0.0,0.0,1.4,2.2,0,0,3,1.4,0.4
2026-03-03,Wolves,Liverpool,2,1,H,0,0,D,4,19,3,7,0,0,5.5,4.5,1.5,1.0,1.2,0.0,0.2,0,1,0,-1,-1.0,-0.4,0.6,0.6,9.6,13.0,3.2,2.6,0.0,0.0,1.4,1.0,2,3,0,1.0,1.6
2026-03-04,Newcastle,Man United,2,1,H,1,1,D,12,14,5,5,1,0,2.63,3.5,2.6,2.0,1.6,0.6,0.2,0,1,0,-1,-0.8,-0.2,0.6,0.6,15.6,15.0,6.0,4.2,0.0,0.0,2.2,1.2,2,3,0,1.2,1.8
2026-03-04,Aston Villa,Chelsea,1,4,A,1,2,A,9,15,4,8,0,0,2.7,3.4,2.55,1.0,1.8,0.2,1.0,-1,-2,1,2,-0.2,0.6,0.4,-0.2,17.4,11.2,3.8,4.8,0.0,0.4,0.8,1.4,0,0,3,1.4,1.4
2026-03-04,Brighton,Arsenal,0,1,A,0,1,A,11,7,3,2,0,0,4.75,4.1,1.65,1.2,2.2,0.6,0.8,-1,0,1,0,0.2,0.6,0.2,0.8,12.8,13.2,4.0,4.8,0.0,0.0,0.8,0.8,0,0,3,1.6,1.8
2026-03-04,Fulham,West Ham,0,1,A,0,0,D,13,9,5,3,0,0,2.0,3.5,3.7,1.8,1.6,0.8,1.0,0,-1,0,1,0.6,-0.2,-0.2,-0.6,13.4,10.2,3.6,3.6,0.0,0.2,1.4,2.4,0,0,3,2.0,1.2
2026-03-04,Man City,Nott'm Forest,2,2,D,1,0,H,21,9,7,4,0,0,1.38,5.0,7.5,1.8,1.4,1.8,0.4,1,-1,-1,1,1.6,-0.8,-0.4,0.4,15.0,11.8,5.0,4.4,0.0,0.0,0.6,1.8,1,1,1,2.2,1.2
2026-03-05,Tottenham,Crystal Palace,1,3,A,1,3,A,12,9,4,4,0,0,2.35,3.25,3.1,1.2,0.8,0.4,0.6,-2,0,2,0,-0.6,0.2,-0.4,-0.8,13.6,9.2,4.8,2.6,0.0,0.2,2.2,1.4,0,0,3,0.4,0.8
